data,num_tasks,num_servers,seed,method,cost,latency_violation,capacity_overflow,runtime_s,improvement_vs_random_pct
alibaba,10,3,1,Random,1244.25,10.53,20,0.0,0.0
alibaba,10,3,1,SA,183.5,9.82,0,0.095,85.3
alibaba,10,3,1,GA,182.75,9.82,0,0.125,85.3
alibaba,10,3,1,NSGA-II,181.25,10.0,0,6.319,85.4
alibaba,10,3,2,Random,704.25,8.88,12,0.0,0.0
alibaba,10,3,2,SA,102.0,9.84,0,0.112,85.5
alibaba,10,3,2,GA,105.0,9.37,0,0.098,85.1
alibaba,10,3,2,NSGA-II,102.0,9.84,0,8.627,85.5
alibaba,10,3,3,Random,905.5,9.74,14,0.0,0.0
alibaba,10,3,3,SA,129.75,10.0,0,0.136,85.7
alibaba,10,3,3,GA,129.75,10.0,0,0.105,85.7
alibaba,10,3,3,NSGA-II,131.25,9.75,0,6.469,85.5
alibaba,25,4,1,Random,555.5,21.05,3,0.0,0.0
alibaba,25,4,1,SA,325.5,22.07,0,0.212,41.4
alibaba,25,4,1,GA,325.5,22.07,0,0.209,41.4
alibaba,25,4,1,NSGA-II,326.0,20.88,0,8.032,41.3
alibaba,25,4,2,Random,292.5,16.89,0,0.0,0.0
alibaba,25,4,2,SA,233.0,21.83,0,0.241,20.3
alibaba,25,4,2,GA,231.0,22.27,0,0.226,21.0
alibaba,25,4,2,NSGA-II,232.0,21.3,0,7.753,20.7
alibaba,25,4,3,Random,339.0,15.88,0,0.0,0.0
alibaba,25,4,3,SA,281.0,22.59,0,0.211,17.1
alibaba,25,4,3,GA,283.0,21.8,0,0.175,16.5
alibaba,25,4,3,NSGA-II,280.5,22.0,0,7.604,17.3
alibaba,50,5,1,Random,2653.53,39.84,39,0.0,0.0
alibaba,50,5,1,SA,570.85,42.26,0,0.32,78.5
alibaba,50,5,1,GA,583.52,39.91,0,0.374,78.0
alibaba,50,5,1,NSGA-II,585.15,39.62,0,8.415,77.9
alibaba,50,5,2,Random,1934.06,35.01,24,0.0,0.0
alibaba,50,5,2,SA,532.2,40.8,0,0.328,72.5
alibaba,50,5,2,GA,535.22,41.97,0,0.472,72.3
alibaba,50,5,2,NSGA-II,542.99,38.31,0,7.814,71.9
alibaba,50,5,3,Random,950.54,25.71,0,0.0,0.0
alibaba,50,5,3,SA,735.68,40.49,0,0.37,22.6
alibaba,50,5,3,GA,742.9,40.27,0,0.42,21.8
alibaba,50,5,3,NSGA-II,753.74,36.87,0,8.806,20.7
alibaba,100,6,1,Random,1605.7,57.5,5,0.0,0.0
alibaba,100,6,1,SA,1025.1,85.37,0,0.668,36.2
alibaba,100,6,1,GA,1061.1,73.04,0,0.731,33.9
alibaba,100,6,1,NSGA-II,1050.6,80.77,0,12.614,34.6
alibaba,100,6,2,Random,2241.5,62.66,15,0.0,0.0
alibaba,100,6,2,SA,1107.5,84.76,0,0.958,50.6
alibaba,100,6,2,GA,1154.3,71.88,0,1.213,48.5
alibaba,100,6,2,NSGA-II,1146.5,74.73,0,11.4,48.9
alibaba,100,6,3,Random,1791.2,61.6,0,0.0,0.0
alibaba,100,6,3,SA,1300.1,88.0,0,0.931,27.4
alibaba,100,6,3,GA,1338.8,80.5,0,0.81,25.3
alibaba,100,6,3,NSGA-II,1361.3,75.92,0,8.672,24.0
