data,num_tasks,num_servers,seed,method,cost,exact_cost,gap_pct,exact_runtime_s,exact_status,backend
synthetic,10,3,1,SA,164.09,164.09,0.0,0.049,optimal,scipy
synthetic,10,3,1,GA,164.09,164.09,0.0,0.049,optimal,scipy
synthetic,10,3,1,NSGA-II,164.09,164.09,0.0,0.049,optimal,scipy
synthetic,10,3,2,SA,165.47,165.47,-0.0,0.014,optimal,scipy
synthetic,10,3,2,GA,165.47,165.47,-0.0,0.014,optimal,scipy
synthetic,10,3,2,NSGA-II,165.47,165.47,-0.0,0.014,optimal,scipy
synthetic,10,3,3,SA,133.68,133.41,0.2,0.077,optimal,scipy
synthetic,10,3,3,GA,133.68,133.41,0.2,0.077,optimal,scipy
synthetic,10,3,3,NSGA-II,136.38,133.41,2.23,0.077,optimal,scipy
synthetic,25,4,1,SA,462.34,459.58,0.6,0.019,optimal,scipy
synthetic,25,4,1,GA,463.59,459.58,0.87,0.019,optimal,scipy
synthetic,25,4,1,NSGA-II,462.34,459.58,0.6,0.019,optimal,scipy
synthetic,25,4,2,SA,348.78,348.62,0.05,0.046,optimal,scipy
synthetic,25,4,2,GA,350.4,348.62,0.51,0.046,optimal,scipy
synthetic,25,4,2,NSGA-II,352.02,348.62,0.98,0.046,optimal,scipy
synthetic,25,4,3,SA,431.45,430.75,0.16,0.025,optimal,scipy
synthetic,25,4,3,GA,431.64,430.75,0.21,0.025,optimal,scipy
synthetic,25,4,3,NSGA-II,435.13,430.75,1.02,0.025,optimal,scipy
synthetic,50,5,1,SA,1066.09,1063.93,0.2,0.236,optimal,scipy
synthetic,50,5,1,GA,1078.14,1063.93,1.34,0.236,optimal,scipy
synthetic,50,5,1,NSGA-II,1079.13,1063.93,1.43,0.236,optimal,scipy
synthetic,50,5,2,SA,918.71,917.67,0.11,0.301,optimal,scipy
synthetic,50,5,2,GA,932.77,917.67,1.65,0.301,optimal,scipy
synthetic,50,5,2,NSGA-II,931.41,917.67,1.5,0.301,optimal,scipy
synthetic,50,5,3,SA,940.61,939.44,0.12,0.184,optimal,scipy
synthetic,50,5,3,GA,952.09,939.44,1.35,0.184,optimal,scipy
synthetic,50,5,3,NSGA-II,945.16,939.44,0.61,0.184,optimal,scipy
synthetic,100,6,1,SA,2188.57,2188.46,0.01,0.108,optimal,scipy
synthetic,100,6,1,GA,2227.19,2188.46,1.77,0.108,optimal,scipy
synthetic,100,6,1,NSGA-II,2217.99,2188.46,1.35,0.108,optimal,scipy
synthetic,100,6,2,SA,1590.59,1589.98,0.04,0.055,optimal,scipy
synthetic,100,6,2,GA,1640.58,1589.98,3.18,0.055,optimal,scipy
synthetic,100,6,2,NSGA-II,1650.6,1589.98,3.81,0.055,optimal,scipy
synthetic,100,6,3,SA,1733.52,1732.2,0.08,0.957,optimal,scipy
synthetic,100,6,3,GA,1784.42,1732.2,3.01,0.957,optimal,scipy
synthetic,100,6,3,NSGA-II,1778.82,1732.2,2.69,0.957,optimal,scipy
